id_venta;fecha_venta;id_producto;nombre_producto;categoria_producto;cantidad;precio_unitario;total_venta;id_cliente;nombre_cliente
1;8/1/2011;OFF-AR-10002399;Dixon Prang Watercolor Pencils, 10-Color Set with Brush;Office Supplies;3;5;16;JO-15145;Jack O'Briant
2;8/1/2011;OFF-PA-10000174;"Message Book, Wirebound, Four 5 1/2"" X 4"" Forms/Pg., 200 Dupl. Sets/Book";Office Supplies;2;6;11;DP-13000;Darren Powers
3;9/1/2011;OFF-LA-10003223;Avery 508;Office Supplies;3;4;13;PO-19195;Phillina Ober
4;9/1/2011;OFF-ST-10002743;SAFCO Boltless Steel Shelving;Office Supplies;3;65;194;PO-19195;Phillina Ober
5;9/1/2011;OFF-BI-10004094;GBC Standard Plastic Binding Systems Combs;Office Supplies;2;5;11;PO-19195;Phillina Ober
6;9/1/2011;OFF-PA-10002005;Xerox 225;Office Supplies;3;9;28;LS-17230;Lycoris Saunders
7;11/1/2011;FUR-CH-10004063;Global Deluxe High-Back Manager's Chair;Furniture;9;746;6718;ME-17320;Maria Etezadi
8;11/1/2011;OFF-BI-10004632;Ibico Hi-Tech Manual Binding System;Office Supplies;2;274;549;ME-17320;Maria Etezadi
9;11/1/2011;OFF-AR-10001662;Rogers Handheld Barrel Pencil Sharpener;Office Supplies;2;1;3;ME-17320;Maria Etezadi
10;11/1/2011;TEC-PH-10004977;GE 30524EE4;Technology;2;114;227;ME-17320;Maria Etezadi
11;11/1/2011;TEC-PH-10004539;Wireless Extenders zBoost YX545 SOHO Signal Booster;Technology;4;204;816;ME-17320;Maria Etezadi
12;11/1/2011;OFF-FA-10001883;Alliance Super-Size Bands, Assorted Sizes;Office Supplies;4;0;1;ME-17320;Maria Etezadi
13;11/1/2011;OFF-PA-10000955;Southworth 25% Cotton Granite Paper & Envelopes;Office Supplies;1;3;3;ME-17320;Maria Etezadi
14;13/1/2011;OFF-AR-10003478;Avery Hi-Liter EverBold Pen Style Fluorescent Highlighters, 4/Pack;Office Supplies;3;5;15;MB-18085;Mick Brown
15;13/1/2011;FUR-FU-10004864;"Howard Miller 14-1/2"" Diameter Chrome Round Wall Clock";Furniture;3;54;161;VS-21820;Vivek Sundaresam
16;13/1/2011;OFF-BI-10003708;"Acco Four Pocket Poly Ring Binder with Label Holder, Smoke, 1""";Office Supplies;7;18;128;VS-21820;Vivek Sundaresam
17;14/1/2011;OFF-AR-10004078;Newell 312;Office Supplies;2;1;2;MS-17830;Melanie Seite
18;14/1/2011;TEC-AC-10001266;Memorex Micro Travel Drive 8 GB;Technology;3;10;29;MS-17830;Melanie Seite
19;15/1/2011;FUR-FU-10000010;DAX Value U-Channel Document Frames, Easel Back;Furniture;2;3;6;SV-20365;Seth Vernon
20;16/1/2011;OFF-EN-10001990;Staples;Office Supplies;2;5;11;CS-12250;Chris Selesnick
21;16/1/2011;OFF-EN-10001532;Brown Kraft Recycled Envelopes;Office Supplies;3;25;76;CS-12250;Chris Selesnick
22;16/1/2011;TEC-AC-10003174;Plantronics S12 Corded Telephone Headset System;Technology;6;259;1552;CS-12250;Chris Selesnick
23;16/1/2011;OFF-BI-10004187;Staples;Office Supplies;3;3;8;CS-12250;Chris Selesnick
24;16/1/2011;OFF-ST-10000025;Fellowes Stor/Drawer Steel Plus Storage Drawers;Office Supplies;6;34;206;CS-12250;Chris Selesnick
25;16/1/2011;OFF-LA-10004272;Avery 482;Office Supplies;1;1;1;AJ-10780;Anthony Jacobs
26;16/1/2011;FUR-FU-10000965;"Howard Miller 11-1/2"" Diameter Ridgewood Wall Clock";Furniture;1;21;21;AJ-10780;Anthony Jacobs
27;16/1/2011;FUR-BO-10003433;Sauder Cornerstone Collection Library;Furniture;4;53;213;BS-11590;Brendan Sweed
28;17/1/2011;FUR-CH-10000422;Global Highback Leather Tilter in Burgundy;Furniture;6;87;524;ND-18370;Natalie DeCherney
29;18/1/2011;TEC-AC-10003628;Logitech 910-002974 M325 Wireless Mouse for Web Scrolling;Technology;5;66;330;EH-13990;Erica Hackney
30;19/1/2011;FUR-FU-10001095;DAX Black Cherry Wood-Tone Poster Frame;Furniture;6;29;172;DL-13315;Delfina Latchford
31;19/1/2011;TEC-PH-10004614;AT&T 841000 Phone;Technology;3;31;93;DL-13315;Delfina Latchford
32;19/1/2011;OFF-BI-10001575;GBC Linen Binding Covers;Office Supplies;2;14;27;DL-13315;Delfina Latchford
33;19/1/2011;OFF-LA-10001074;Round Specialty Laser Printer Labels;Office Supplies;3;10;30;DL-13315;Delfina Latchford
34;19/1/2011;OFF-ST-10000078;Tennsco 6- and 18-Compartment Lockers;Office Supplies;5;239;1193;BD-11605;Brian Dahlen
35;19/1/2011;FUR-BO-10003034;O'Sullivan Elevations Bookcase, Cherry Finish;Furniture;3;4;12;BD-11605;Brian Dahlen
36;19/1/2011;OFF-AR-10003514;4009 Highlighters by Sanford;Office Supplies;5;7;33;BD-11605;Brian Dahlen
37;19/1/2011;OFF-PA-10002947;Xerox 1923;Office Supplies;7;13;92;MM-17920;Michael Moore
38;19/1/2011;OFF-BI-10003476;Avery Metallic Poly Binders;Office Supplies;2;3;5;MM-17920;Michael Moore
39;21/1/2011;OFF-BI-10003676;GBC Standard Recycled Report Covers, Clear Plastic Sheets;Office Supplies;10;24;237;TS-21340;Toby Swindell
40;21/1/2011;OFF-PA-10000659;TOPS Carbonless Receipt Book, Four 2-3/4 x 7-1/4 Money Receipts per Page;Office Supplies;4;20;78;TS-21340;Toby Swindell
41;21/1/2011;OFF-EN-10002504;Tyvek  Top-Opening Peel & Seel Envelopes, Plain White;Office Supplies;5;37;183;TS-21340;Toby Swindell
42;21/1/2011;FUR-BO-10001972;O'Sullivan 4-Shelf Bookcase in Odessa Pine;Furniture;5;321;1603;TS-21340;Toby Swindell
43;22/1/2011;OFF-AP-10000692;Fellowes Mighty 8 Compact Surge Protector;Office Supplies;4;6;26;DW-13195;David Wiener
44;24/1/2011;FUR-FU-10001889;Ultra Door Pull Handle;Furniture;3;4;12;TB-21400;Tom Boeckenhauer
45;26/1/2011;OFF-PA-10002893;"Wirebound Service Call Books, 5 1/2"" x 4""";Office Supplies;2;9;19;MV-17485;Mark Van Huff
46;26/1/2011;FUR-FU-10003194;Eldon Expressions Desk Accessory, Wood Pencil Holder, Oak;Furniture;2;6;12;MV-17485;Mark Van Huff
47;27/1/2011;TEC-PH-10001061;Apple iPhone 5C;Technology;7;182;1274;HL-15040;Hunter Lopez
48;27/1/2011;OFF-AR-10002375;Newell 351;Office Supplies;7;7;47;HL-15040;Hunter Lopez
49;27/1/2011;FUR-FU-10003194;Eldon Expressions Desk Accessory, Wood Pencil Holder, Oak;Furniture;4;12;46;HL-15040;Hunter Lopez
50;27/1/2011;OFF-AR-10003811;Newell 327;Office Supplies;3;2;5;HL-15040;Hunter Lopez
51;27/1/2011;OFF-EN-10001539;Staples;Office Supplies;3;11;33;HL-15040;Hunter Lopez
52;27/1/2011;FUR-CH-10002331;Hon 4700 Series Mobuis Mid-Back Task Chairs with Adjustable Arms;Furniture;3;224;673;HL-15040;Hunter Lopez
53;27/1/2011;OFF-ST-10000760;Eldon Fold 'N Roll Cart System;Office Supplies;1;4;4;XP-21865;Xylona Preis
54;27/1/2011;FUR-FU-10002918;Eldon ClusterMat Chair Mat with Cordless Antistatic Protection;Furniture;3;30;90;XP-21865;Xylona Preis
55;27/1/2011;OFF-BI-10000605;"Acco Pressboard Covers with Storage Hooks, 9 1/2"" x 11"", Executive Red";Office Supplies;5;9;45;XP-21865;Xylona Preis
56;27/1/2011;OFF-AP-10002311;Holmes Replacement Filter for HEPA Air Cleaner, Very Large Room, HEPA Filter;Office Supplies;4;94;374;XP-21865;Xylona Preis
57;27/1/2011;OFF-ST-10003123;Fellowes Bases and Tops For Staxonsteel/High-Stak Systems;Office Supplies;2;16;32;XP-21865;Xylona Preis
58;27/1/2011;OFF-AR-10004456;Panasonic KP-4ABK Battery-Operated Pencil Sharpener;Office Supplies;3;13;38;XP-21865;Xylona Preis
59;27/1/2011;FUR-FU-10002268;Ultra Door Push Plate;Furniture;3;5;15;XP-21865;Xylona Preis
60;27/1/2011;OFF-BI-10004364;Storex Dura Pro Binders;Office Supplies;5;13;67;XP-21865;Xylona Preis
61;27/1/2011;OFF-BI-10003091;GBC DocuBind TL200 Manual Binding Machine;Office Supplies;1;52;52;MM-18280;Muhammed MacIntyre
62;28/1/2011;OFF-FA-10003467;Alliance Big Bands Rubber Bands, 12/Pack;Office Supplies;3;0;0;SG-20605;Speros Goranitis
63;29/1/2011;OFF-PA-10001804;Xerox 195;Office Supplies;6;19;115;IM-15055;Ionia McGrath
64;30/1/2011;OFF-BI-10001758;Wilson Jones 14 Line Acrylic Coated Pressboard Data Binders;Office Supplies;2;5;10;CA-11965;Carol Adams
65;30/1/2011;FUR-BO-10004409;Safco Value Mate Series Steel Bookcases, Baked Enamel Finish on Steel, Gray;Furniture;2;40;79;CA-11965;Carol Adams
66;1/2/2011;FUR-FU-10004587;GE General Use Halogen Bulbs, 100 Watts, 1 Bulb per Pack;Furniture;3;31;92;SD-20485;Shirley Daniels
67;1/2/2011;OFF-ST-10004337;SAFCO Commercial Wire Shelving, 72h;Office Supplies;8;0;0;SD-20485;Shirley Daniels
68;1/2/2011;OFF-PA-10003072;"Eureka Recycled Copy Paper 8 1/2"" x 11"", Ream";Office Supplies;3;9;28;SD-20485;Shirley Daniels
69;1/2/2011;OFF-PA-10000380;"REDIFORM Incoming/Outgoing Call Register, 11"" X 8 1/2"", 100 Messages";Office Supplies;2;8;17;SD-20485;Shirley Daniels
70;1/2/2011;TEC-PH-10004833;Macally Suction Cup Mount;Technology;13;0;0;SD-20485;Shirley Daniels
71;1/2/2011;FUR-FU-10001847;Eldon Image Series Black Desk Accessories;Furniture;3;4;13;SD-20485;Shirley Daniels
72;1/2/2011;TEC-PH-10002103;Jabra SPEAK 410;Technology;2;53;105;SD-20485;Shirley Daniels
73;3/2/2011;FUR-BO-10003966;Sauder Facets Collection Library, Sky Alder Finish;Furniture;2;3;7;LC-17050;Liz Carlisle
74;3/2/2011;OFF-ST-10003692;Recycled Steel Personal File for Hanging File Folders;Office Supplies;1;14;14;EJ-13720;Ed Jacobs
75;3/2/2011;FUR-TA-10003469;Balt Split Level Computer Training Table;Furniture;3;17;50;EJ-13720;Ed Jacobs
76;3/2/2011;OFF-AR-10003179;Dixon Ticonderoga Core-Lock Colored Pencils;Office Supplies;4;12;48;EJ-13720;Ed Jacobs
77;4/2/2011;TEC-AC-10001432;Enermax Aurora Lite Keyboard;Technology;6;206;1238;BD-11500;Bradley Drucker
78;4/2/2011;OFF-BI-10000343;"Pressboard Covers with Storage Hooks, 9 1/2"" x 11"", Light Blue";Office Supplies;1;1;1;JC-15340;Jasper Cacioppo
79;5/2/2011;OFF-PA-10001204;Xerox 1972;Office Supplies;2;5;10;MV-18190;Mike Vittorini
80;5/2/2011;OFF-ST-10000991;Space Solutions HD Industrial Steel Shelving.;Office Supplies;2;7;14;MV-18190;Mike Vittorini
81;7/2/2011;OFF-BI-10004593;Ibico Laser Imprintable Binding System Covers;Office Supplies;2;27;54;TB-21400;Tom Boeckenhauer
82;7/2/2011;OFF-BI-10002827;Avery Durable Poly Binders;Office Supplies;3;4;13;TB-21400;Tom Boeckenhauer
83;7/2/2011;OFF-FA-10001843;Staples;Office Supplies;5;6;29;CD-12790;Cynthia Delaney
84;9/2/2011;OFF-BI-10004230;GBC Recycled Grain Textured Covers;Office Supplies;3;29;87;DB-13270;Deborah Brumfield
85;9/2/2011;OFF-PA-10000350;"Message Book, Standard Line ""While You Were Out"", 5 1/2"" X 4"", 200 Sets/Book";Office Supplies;4;16;64;DB-13270;Deborah Brumfield
86;9/2/2011;OFF-BI-10003676;GBC Standard Recycled Report Covers, Clear Plastic Sheets;Office Supplies;2;6;12;MH-17440;Mark Haberlin
87;10/2/2011;OFF-LA-10002787;Avery 480;Office Supplies;4;7;29;ND-18460;Neil Ducich
88;10/2/2011;TEC-PH-10003645;Aastra 57i VoIP phone;Technology;1;42;42;ND-18460;Neil Ducich
89;10/2/2011;TEC-PH-10001615;AT&T CL82213;Technology;5;42;210;ND-18460;Neil Ducich
90;10/2/2011;OFF-BI-10000666;Surelock Post Binders;Office Supplies;2;12;24;EB-13930;Eric Barreto
91;10/2/2011;TEC-PH-10002890;AT&T 17929 Lendline Telephone;Technology;5;14;68;EB-13930;Eric Barreto
92;10/2/2011;FUR-FU-10002111;Master Caster Door Stop, Large Brown;Furniture;2;6;11;NM-18445;Nathan Mautz
93;11/2/2011;OFF-ST-10001558;Acco Perma 4000 Stacking Storage Drawers;Office Supplies;4;10;39;CS-12250;Chris Selesnick
94;11/2/2011;OFF-BI-10001196;Avery Flip-Chart Easel Binder, Black;Office Supplies;2;15;30;DL-13315;Delfina Latchford
95;13/2/2011;TEC-AC-10000710;Maxell DVD-RAM Discs;Technology;7;50;347;CK-12760;Cyma Kinney
96;16/2/2011;TEC-AC-10001432;Enermax Aurora Lite Keyboard;Technology;3;103;309;NF-18385;Natalie Fritzler
97;16/2/2011;FUR-TA-10003715;Hon 2111 Invitation Series Corner Table;Furniture;6;75;452;NF-18385;Natalie Fritzler
98;16/2/2011;OFF-BI-10003291;Wilson Jones Leather-Like Binders with DublLock Round Rings;Office Supplies;2;8;16;NF-18385;Natalie Fritzler
99;16/2/2011;FUR-CH-10001146;Global Value Mid-Back Manager's Chair, Gray;Furniture;1;15;15;GA-14725;Guy Armstrong
100;16/2/2011;OFF-LA-10004853;Avery 483;Office Supplies;3;7;21;GA-14725;Guy Armstrong
101;16/2/2011;OFF-BI-10004728;Wilson Jones Turn Tabs Binder Tool for Ring Binders;Office Supplies;2;4;9;GA-14725;Guy Armstrong
102;16/2/2011;FUR-FU-10002298;"Rubbermaid ClusterMat Chairmats, Mat Size- 66"" x 60"", Lip 20"" x 11"" -90 Degree Angle";Furniture;3;53;160;GA-14725;Guy Armstrong
103;16/2/2011;OFF-BI-10004654;VariCap6 Expandable Binder;Office Supplies;3;24;73;GA-14725;Guy Armstrong
104;16/2/2011;OFF-ST-10002583;Fellowes Neat Ideas Storage Cubes;Office Supplies;2;3;5;GA-14725;Guy Armstrong
105;19/2/2011;FUR-CH-10000225;Global Geo Office Task Chair, Gray;Furniture;2;24;49;SC-20095;Sanjit Chand
106;19/2/2011;FUR-FU-10002396;DAX Copper Panel Document Frame, 5 x 7 Size;Furniture;5;11;57;TB-21595;Troy Blackwell
107;19/2/2011;TEC-AC-10000736;Logitech G600 MMO Gaming Mouse;Technology;3;86;259;ML-17395;Marina Lichtenstein
108;19/2/2011;OFF-AP-10001293;Belkin 8 Outlet Surge Protector;Office Supplies;2;23;46;ML-17395;Marina Lichtenstein
109;19/2/2011;OFF-SU-10000157;Compact Automatic Electric Letter Opener;Office Supplies;2;5;10;ML-17395;Marina Lichtenstein
110;20/2/2011;OFF-PA-10000466;Memo Book, 100 Message Capacity, 5 3/8 x 11;Office Supplies;3;6;18;ST-20530;Shui Tom
111;20/2/2011;OFF-BI-10001031;Pressboard Data Binders by Wilson Jones;Office Supplies;5;7;36;BF-11020;Barry Französisch
112;22/2/2011;OFF-BI-10002012;Wilson Jones Easy Flow II Sheet Lifters;Office Supplies;3;2;5;MN-17935;Michael Nguyen
113;22/2/2011;OFF-AP-10001303;Holmes Cool Mist Humidifier for the Whole House with 8-Gallon Output per Day, Extended Life Filter;Office Supplies;2;14;28;MN-17935;Michael Nguyen
114;25/2/2011;OFF-PA-10001800;Xerox 220;Office Supplies;3;9;28;SA-20830;Sue Ann Reed
115;25/2/2011;OFF-ST-10000321;Akro Stacking Bins;Office Supplies;2;3;5;AB-10015;Aaron Bergman
116;25/2/2011;OFF-PA-10003363;Xerox 204;Office Supplies;2;6;12;SR-20740;Steven Roelle
117;25/2/2011;OFF-AR-10003631;Staples;Office Supplies;14;9;123;DL-13315;Delfina Latchford
118;26/2/2011;OFF-BI-10004094;GBC Standard Plastic Binding Systems Combs;Office Supplies;5;14;69;TM-21010;Tamara Manning
119;27/2/2011;TEC-AC-10001284;Enermax Briskie RF Wireless Keyboard and Mouse Combo;Technology;3;22;67;LC-16930;Linda Cazamias
120;27/2/2011;FUR-FU-10000221;Master Caster Door Stop, Brown;Furniture;4;7;28;LC-16930;Linda Cazamias
121;28/2/2011;OFF-LA-10004425;Staples;Office Supplies;3;2;7;MG-17875;Michael Grace
122;28/2/2011;OFF-BI-10000320;GBC Plastic Binding Combs;Office Supplies;3;7;21;MG-17875;Michael Grace
123;2/3/2011;OFF-PA-10000174;"Message Book, Wirebound, Four 5 1/2"" X 4"" Forms/Pg., 200 Dupl. Sets/Book";Office Supplies;4;11;44;JH-15430;Jennifer Halladay
124;2/3/2011;OFF-PA-10000069;TOPS 4 x 6 Fluorescent Color Memo Sheets, 500 Sheets per Pack;Office Supplies;3;8;23;JH-15430;Jennifer Halladay
125;3/3/2011;OFF-AR-10003560;Zebra Zazzle Fluorescent Highlighters;Office Supplies;4;3;14;JS-16030;Joy Smith
126;4/3/2011;OFF-ST-10001370;Sensible Storage WireTech Storage Systems;Office Supplies;5;18;89;CL-12565;Clay Ludtke
127;5/3/2011;TEC-PH-10003655;Sannysis Cute Owl Design Soft Skin Case Cover for Samsung Galaxy S4;Technology;3;2;5;HR-14770;Hallie Redmond
128;5/3/2011;FUR-CH-10000863;Novimex Swivel Fabric Task Chair;Furniture;6;172;1033;VF-21715;Vicky Freymann
129;5/3/2011;OFF-PA-10003036;"Black Print Carbonless 8 1/2"" x 8 1/4"" Rapid Memo Book";Office Supplies;3;6;17;VF-21715;Vicky Freymann
130;5/3/2011;OFF-FA-10004395;Plymouth Boxed Rubber Bands by Plymouth;Office Supplies;5;4;18;SC-20380;Shahid Collister
131;5/3/2011;FUR-CH-10001270;Harbour Creations Steel Folding Chair;Furniture;6;0;0;SC-20380;Shahid Collister
132;5/3/2011;FUR-FU-10001095;DAX Black Cherry Wood-Tone Poster Frame;Furniture;6;35;210;SC-20380;Shahid Collister
133;5/3/2011;OFF-ST-10001469;Fellowes Bankers Box Recycled Super Stor/Drawer;Office Supplies;3;23;68;SC-20380;Shahid Collister
134;6/3/2011;FUR-CH-10004063;Global Deluxe High-Back Manager's Chair;Furniture;2;51;103;DB-13060;Dave Brooks
135;6/3/2011;OFF-PA-10000327;Xerox 1971;Office Supplies;1;1;1;NH-18610;Nicole Hansen
136;6/3/2011;TEC-AC-10004353;Hypercom P1300 Pinpad;Technology;3;32;96;NH-18610;Nicole Hansen
137;7/3/2011;OFF-AR-10003560;Zebra Zazzle Fluorescent Highlighters;Office Supplies;4;3;14;AJ-10945;Ashley Jarboe
138;7/3/2011;OFF-AP-10002534;3.6 Cubic Foot Counter Height Office Refrigerator;Office Supplies;3;460;1379;SC-20020;Sam Craven
139;7/3/2011;OFF-ST-10003692;Recycled Steel Personal File for Hanging File Folders;Office Supplies;3;9;26;GW-14605;Giulietta Weimer
140;7/3/2011;FUR-TA-10001866;Bevis Round Conference Room Tables and Bases;Furniture;3;43;129;GW-14605;Giulietta Weimer
141;7/3/2011;FUR-TA-10002958;Bevis Oval Conference Table, Walnut;Furniture;3;23;70;EJ-14155;Eva Jacobs
142;8/3/2011;TEC-PH-10004700;PowerGen Dual USB Car Charger;Technology;1;5;5;AP-10720;Anne Pryor
143;8/3/2011;OFF-BI-10004593;Ibico Laser Imprintable Binding System Covers;Office Supplies;3;41;123;AP-10720;Anne Pryor
144;8/3/2011;OFF-BI-10003429;Cardinal HOLDit! Binder Insert Strips,Extra Strips;Office Supplies;5;9;46;AP-10720;Anne Pryor
145;8/3/2011;FUR-CH-10004477;Global Push Button Manager's Chair, Indigo;Furniture;1;5;5;AB-10015;Aaron Bergman
146;8/3/2011;OFF-AR-10001427;Newell 330;Office Supplies;3;5;14;AB-10015;Aaron Bergman
147;8/3/2011;OFF-ST-10002344;"Carina 42""Hx23 3/4""W Media Storage Unit";Office Supplies;3;5;15;AB-10015;Aaron Bergman
148;8/3/2011;OFF-EN-10001990;Staples;Office Supplies;2;5;11;KN-16705;Kristina Nunn
149;8/3/2011;OFF-PA-10000587;Array Parchment Paper, Assorted Colors;Office Supplies;5;17;87;KN-16705;Kristina Nunn
150;8/3/2011;OFF-LA-10000305;Avery 495;Office Supplies;3;5;15;JS-15595;Jill Stevenson
151;8/3/2011;FUR-BO-10001972;O'Sullivan 4-Shelf Bookcase in Odessa Pine;Furniture;5;200;998;JS-15595;Jill Stevenson
152;8/3/2011;OFF-ST-10002486;Eldon Shelf Savers Cubes and Bins;Office Supplies;8;10;80;JS-15595;Jill Stevenson
153;8/3/2011;OFF-AR-10000588;Newell 345;Office Supplies;3;15;46;AB-10150;Aimee Bixby
154;8/3/2011;TEC-AC-10002001;Logitech Wireless Gaming Headset G930;Technology;3;178;533;AB-10150;Aimee Bixby
155;8/3/2011;OFF-SU-10000381;Acme Forged Steel Scissors with Black Enamel Handles;Office Supplies;2;5;11;AB-10150;Aimee Bixby
156;8/3/2011;OFF-BI-10001617;GBC Wire Binding Combs;Office Supplies;6;17;101;AB-10150;Aimee Bixby
157;8/3/2011;OFF-PA-10001878;Xerox 1891;Office Supplies;2;46;92;AB-10150;Aimee Bixby
158;9/3/2011;OFF-AR-10001374;BIC Brite Liner Highlighters, Chisel Tip;Office Supplies;3;2;7;SC-20095;Sanjit Chand
159;11/3/2011;OFF-BI-10004224;Catalog Binders with Expanding Posts;Office Supplies;2;34;67;NP-18685;Nora Pelletier
160;12/3/2011;OFF-AR-10000390;Newell Chalk Holder;Office Supplies;5;9;47;CM-12715;Craig Molinari
161;12/3/2011;OFF-ST-10000934;"Contico 72""H Heavy-Duty Storage System";Office Supplies;5;0;0;CM-12715;Craig Molinari
162;12/3/2011;FUR-CH-10002780;Office Star - Task Chair with Contemporary Loop Arms;Furniture;6;22;131;CM-12715;Craig Molinari
163;12/3/2011;FUR-CH-10004495;Global Leather and Oak Executive Chair, Black;Furniture;2;54;108;CM-12715;Craig Molinari
164;13/3/2011;OFF-AP-10002578;Fellowes Premier Superior Surge Suppressor, 10-Outlet, With Phone and Remote;Office Supplies;3;38;114;FM-14215;Filia McAdams
165;13/3/2011;TEC-AC-10000710;Maxell DVD-RAM Discs;Technology;2;14;28;FM-14215;Filia McAdams
166;13/3/2011;TEC-PH-10000984;Panasonic KX-TG9471B;Technology;3;165;494;FM-14215;Filia McAdams
167;13/3/2011;OFF-PA-10000213;Xerox 198;Office Supplies;3;7;21;FM-14215;Filia McAdams
168;14/3/2011;OFF-PA-10002259;"Geographics Note Cards, Blank, White, 8 1/2"" x 11""";Office Supplies;2;11;21;SW-20275;Scott Williamson
169;14/3/2011;OFF-PA-10002137;Southworth 100% Résumé Paper, 24lb.;Office Supplies;14;49;686;KA-16525;Kelly Andreada
170;15/3/2011;OFF-AR-10001770;Economy #2 Pencils;Office Supplies;3;2;6;RB-19435;Richard Bierner
171;16/3/2011;FUR-FU-10003981;Eldon Wave Desk Accessories;Furniture;5;2;11;CK-12205;Chloris Kastensmidt
172;16/3/2011;OFF-FA-10001561;Stockwell Push Pins;Office Supplies;6;2;10;CK-12205;Chloris Kastensmidt
173;17/3/2011;OFF-ST-10000078;Tennsco 6- and 18-Compartment Lockers;Office Supplies;3;16;48;KT-16480;Kean Thornton
174;17/3/2011;OFF-AR-10001044;BOSTON Ranger #55 Pencil Sharpener, Black;Office Supplies;4;9;37;KT-16480;Kean Thornton
175;17/3/2011;OFF-AR-10003732;Newell 333;Office Supplies;2;0;1;AZ-10750;Annie Zypern
176;17/3/2011;OFF-PA-10002195;Xerox 1966;Office Supplies;1;2;2;AZ-10750;Annie Zypern
177;17/3/2011;OFF-PA-10002365;Xerox 1967;Office Supplies;3;5;16;AZ-10750;Annie Zypern
178;17/3/2011;TEC-MA-10003626;Hewlett-Packard Deskjet 6540 Color Inkjet Printer;Technology;2;156;312;RB-19465;Rick Bensley
179;17/3/2011;OFF-PA-10001215;Xerox 1963;Office Supplies;2;3;5;RB-19465;Rick Bensley
180;18/3/2011;OFF-PA-10001204;Xerox 1972;Office Supplies;2;5;10;DK-13225;Dean Katz
181;18/3/2011;OFF-AR-10003723;Avery Hi-Liter Fluorescent Desk Style Markers;Office Supplies;1;1;1;DK-13225;Dean Katz
182;18/3/2011;OFF-PA-10000176;Xerox 1887;Office Supplies;6;32;191;NF-18475;Neil Französisch
183;19/3/2011;OFF-ST-10001490;Hot File 7-Pocket, Floor Stand;Office Supplies;1;18;18;AS-10240;Alan Shonely
184;19/3/2011;FUR-FU-10001756;Eldon Expressions Desk Accessory, Wood Photo Frame, Mahogany;Furniture;3;5;15;AS-10240;Alan Shonely
185;19/3/2011;OFF-BI-10000773;Insertable Tab Post Binder Dividers;Office Supplies;3;6;17;AS-10240;Alan Shonely
186;19/3/2011;OFF-BI-10001543;GBC VeloBinder Manual Binding System;Office Supplies;4;32;127;AS-10240;Alan Shonely
187;19/3/2011;OFF-PA-10002120;Xerox 1889;Office Supplies;3;48;143;AS-10240;Alan Shonely
188;19/3/2011;FUR-CH-10003379;Global Commerce Series High-Back Swivel/Tilt Chairs;Furniture;4;285;1140;CK-12325;Christine Kargatis
189;19/3/2011;OFF-BI-10001617;GBC Wire Binding Combs;Office Supplies;4;11;45;JF-15295;Jason Fortune-
190;19/3/2011;OFF-ST-10000736;Carina Double Wide Media Storage Towers in Natural & Black;Office Supplies;1;3;3;JF-15295;Jason Fortune-
191;19/3/2011;TEC-AC-10004877;Imation 30456 USB Flash Drive 8GB;Technology;12;7;79;JF-15295;Jason Fortune-
192;19/3/2011;OFF-ST-10003221;Staples;Office Supplies;2;6;12;JF-15295;Jason Fortune-
193;19/3/2011;OFF-BI-10003007;"Premium Transparent Presentation Covers, No Pattern/Clear, 8 1/2"" x 11""";Office Supplies;2;20;40;JF-15295;Jason Fortune-
194;20/3/2011;OFF-PA-10003641;Xerox 1909;Office Supplies;6;41;247;QJ-19255;Quincy Jones
195;21/3/2011;FUR-TA-10003473;Bretford Rectangular Conference Table Tops;Furniture;7;448;3133;CP-12340;Christine Phan
196;21/3/2011;FUR-TA-10001950;Balt Solid Wood Round Tables;Furniture;4;554;2215;CP-12340;Christine Phan
197;21/3/2011;FUR-TA-10004175;"Hon 30"" x 60"" Table with Locking Drawer";Furniture;3;123;368;CP-12340;Christine Phan
198;21/3/2011;OFF-PA-10002960;Xerox 1926;Office Supplies;7;16;115;CP-12340;Christine Phan
199;21/3/2011;OFF-PA-10000919;Xerox 1918;Office Supplies;4;76;304;CP-12340;Christine Phan
200;21/3/2011;TEC-PH-10002415;Polycom VoiceStation 500 Conference phone;Technology;2;29;59;KN-16705;Kristina Nunn
201;21/3/2011;FUR-BO-10004218;Bush Heritage Pine Collection 5-Shelf Bookcase, Albany Pine Finish, *Special Order;Furniture;10;70;705;EK-13795;Eileen Kiefer
202;21/3/2011;TEC-PH-10004667;Cisco 8x8 Inc. 6753i IP Business Phone System;Technology;3;28;85;MC-17605;Matt Connell
203;21/3/2011;OFF-LA-10000443;Avery 501;Office Supplies;4;4;16;MC-17605;Matt Connell
204;21/3/2011;OFF-ST-10000918;Crate-A-Files;Office Supplies;3;2;6;MC-17605;Matt Connell
205;21/3/2011;OFF-BI-10001196;Avery Flip-Chart Easel Binder, Black;Office Supplies;5;26;129;MC-17605;Matt Connell
206;21/3/2011;FUR-FU-10003981;Eldon Wave Desk Accessories;Furniture;3;1;4;MC-17605;Matt Connell
207;21/3/2011;FUR-FU-10002508;Document Clip Frames;Furniture;3;6;17;MC-17605;Matt Connell
208;21/3/2011;TEC-AC-10002647;Logitech Wireless Boombox Speaker - portable - wireless, wired;Technology;2;53;106;MC-17605;Matt Connell
209;21/3/2011;OFF-BI-10000605;"Acco Pressboard Covers with Storage Hooks, 9 1/2"" x 11"", Executive Red";Office Supplies;3;5;16;MH-17440;Mark Haberlin
210;21/3/2011;OFF-BI-10000309;"GBC Twin Loop Wire Binding Elements, 9/16"" Spine, Black";Office Supplies;2;15;30;MH-17440;Mark Haberlin
211;21/3/2011;OFF-PA-10003349;Xerox 1957;Office Supplies;2;6;13;MH-17440;Mark Haberlin
212;21/3/2011;OFF-PA-10003063;EcoTones Memo Sheets;Office Supplies;4;8;31;MH-17440;Mark Haberlin
213;21/3/2011;OFF-AP-10003971;Belkin 6 Outlet Metallic Surge Strip;Office Supplies;3;8;25;MH-17440;Mark Haberlin
214;22/3/2011;OFF-AR-10003478;Avery Hi-Liter EverBold Pen Style Fluorescent Highlighters, 4/Pack;Office Supplies;2;7;13;VM-21835;Vivian Mathis
215;23/3/2011;TEC-MA-10003626;Hewlett-Packard Deskjet 6540 Color Inkjet Printer;Technology;4;16;66;SM-20320;Sean Miller
216;23/3/2011;TEC-MA-10002412;Cisco TelePresence System EX90 Videoconferencing Unit;Technology;6;1811;10866;SM-20320;Sean Miller
217;23/3/2011;OFF-PA-10001804;Xerox 195;Office Supplies;4;7;30;SM-20320;Sean Miller
218;23/3/2011;OFF-AR-10003183;Avery Fluorescent Highlighter Four-Color Set;Office Supplies;3;1;3;SM-20320;Sean Miller
219;23/3/2011;FUR-FU-10004270;"Executive Impressions 13"" Clairmont Wall Clock";Furniture;2;8;16;SM-20320;Sean Miller
220;23/3/2011;OFF-FA-10003112;Staples;Office Supplies;3;6;18;SM-20320;Sean Miller
221;23/3/2011;FUR-FU-10001986;"Dana Fluorescent Magnifying Lamp, White, 36""";Furniture;3;15;46;SM-20320;Sean Miller
222;24/3/2011;OFF-AP-10001154;Bionaire Personal Warm Mist Humidifier/Vaporizer;Office Supplies;2;37;73;BN-11515;Bradley Nguyen
223;24/3/2011;OFF-PA-10000466;Memo Book, 100 Message Capacity, 5 3/8 x 11;Office Supplies;7;24;165;BN-11515;Bradley Nguyen
224;24/3/2011;OFF-AR-10003829;Newell 35;Office Supplies;6;6;34;BN-11515;Bradley Nguyen
225;24/3/2011;OFF-BI-10001758;Wilson Jones 14 Line Acrylic Coated Pressboard Data Binders;Office Supplies;10;25;251;BN-11515;Bradley Nguyen
226;24/3/2011;OFF-BI-10000136;Avery Non-Stick Heavy Duty View Round Locking Ring Binders;Office Supplies;6;17;103;BN-11515;Bradley Nguyen
227;24/3/2011;FUR-FU-10004597;Eldon Cleatmat Chair Mats for Medium Pile Carpets;Furniture;2;14;29;SC-20050;Sample Company A
228;24/3/2011;TEC-MA-10001148;Swingline SM12-08 MicroCut Jam Free Shredder;Technology;4;416;1664;SC-20050;Sample Company A
229;24/3/2011;OFF-ST-10000078;Tennsco 6- and 18-Compartment Lockers;Office Supplies;7;334;2339;SC-20050;Sample Company A
230;25/3/2011;OFF-AR-10004685;Binney & Smith Crayola Metallic Colored Pencils, 8-Color Set;Office Supplies;2;1;2;CB-12025;Cassandra Brandow
231;25/3/2011;OFF-AR-10004027;Binney & Smith inkTank Erasable Desk Highlighter, Chisel Tip, Yellow, 12/Box;Office Supplies;3;2;5;CB-12025;Cassandra Brandow
232;25/3/2011;OFF-ST-10002301;Tennsco Commercial Shelving;Office Supplies;1;4;4;TS-21205;Thomas Seio
233;25/3/2011;TEC-PH-10000730;Samsung Galaxy S4 Active;Technology;7;910;6370;KH-16690;Kristen Hastings
234;25/3/2011;OFF-LA-10004409;Avery 492;Office Supplies;5;7;33;KH-16690;Kristen Hastings
235;25/3/2011;OFF-PA-10000675;Xerox 1919;Office Supplies;3;60;181;KH-16690;Kristen Hastings
236;25/3/2011;OFF-AR-10001573;American Pencil;Office Supplies;4;3;11;KH-16690;Kristen Hastings
237;25/3/2011;OFF-BI-10001597;"Wilson Jones Ledger-Size, Piano-Hinge Binder, 2"", Blue";Office Supplies;3;59;177;KH-16690;Kristen Hastings
238;25/3/2011;OFF-LA-10004544;Avery 505;Office Supplies;5;22;111;GM-14440;Gary McGarr
239;25/3/2011;FUR-FU-10001473;DAX Wood Document Frame;Furniture;3;7;20;GM-14440;Gary McGarr
240;25/3/2011;FUR-CH-10000422;Global Highback Leather Tilter in Burgundy;Furniture;3;11;33;GM-14440;Gary McGarr
241;26/3/2011;OFF-BI-10004410;C-Line Peel & Stick Add-On Filing Pockets, 8-3/4 x 5-1/8, 10/Pack;Office Supplies;4;6;23;CC-12685;Craig Carroll
242;26/3/2011;OFF-BI-10002735;GBC Prestige Therm-A-Bind Covers;Office Supplies;5;39;197;CC-12685;Craig Carroll
243;26/3/2011;OFF-PA-10002581;Xerox 1951;Office Supplies;3;23;70;BF-11275;Beth Fritzler
244;26/3/2011;FUR-CH-10001482;Office Star - Mesh Screen back chair with Vinyl seat;Furniture;3;35;106;BF-11275;Beth Fritzler
245;26/3/2011;OFF-ST-10000585;Economy Rollaway Files;Office Supplies;2;86;172;PO-18865;Patrick O'Donnell
246;26/3/2011;TEC-PH-10003484;Ooma Telo VoIP Home Phone System;Technology;6;38;227;PO-18865;Patrick O'Donnell
247;26/3/2011;OFF-LA-10004484;Avery 476;Office Supplies;3;3;10;BG-11740;Bruce Geld
248;28/3/2011;OFF-PA-10004948;Xerox 190;Office Supplies;5;12;59;CD-11920;Carlos Daly
249;29/3/2011;FUR-FU-10002813;DAX Contemporary Wood Frame with Silver Metal Mat, Desktop, 11 x 14 Size;Furniture;2;15;29;MS-17710;Maurice Satty
250;30/3/2011;TEC-AC-10002323;SanDisk Ultra 32 GB MicroSDHC Class 10 Memory Card;Technology;3;9;26;JD-15895;Jonathan Doherty
251;30/3/2011;OFF-AR-10003829;Newell 35;Office Supplies;2;2;4;CA-12265;Christina Anderson
252;30/3/2011;OFF-AR-10003338;"Eberhard Faber 3 1/2"" Golf Pencils";Office Supplies;2;4;7;CA-12265;Christina Anderson
253;30/3/2011;TEC-AC-10002558;Imation Swivel Flash Drive USB flash drive - 8 GB;Technology;4;16;64;CA-12265;Christina Anderson
254;30/3/2011;OFF-AR-10000034;BIC Brite Liner Grip Highlighters, Assorted, 5/Pack;Office Supplies;6;10;60;CA-12265;Christina Anderson
255;30/3/2011;OFF-LA-10001982;Smead Alpha-Z Color-Coded Name Labels First Letter Starter Set;Office Supplies;5;9;45;CS-12505;Cindy Stewart
256;31/3/2011;OFF-BI-10003529;Avery Round Ring Poly Binders;Office Supplies;1;1;1;JO-15280;Jas O'Carroll
257;31/3/2011;OFF-AR-10001231;Sanford EarthWrite Recycled Pencils, Medium Soft, #2;Office Supplies;5;3;15;SG-20890;Susan Gilcrest
258;31/3/2011;OFF-AR-10004272;Newell 308;Office Supplies;2;1;2;DK-12835;Damala Kotsonis
259;31/3/2011;OFF-BI-10003291;Wilson Jones Leather-Like Binders with DublLock Round Rings;Office Supplies;4;9;38;DK-12835;Damala Kotsonis
260;31/3/2011;TEC-PH-10004100;Griffin GC17055 Auxiliary Audio Cable;Technology;2;3;6;DK-12835;Damala Kotsonis
261;31/3/2011;FUR-CH-10002965;Global Leather Highback Executive Chair with Pneumatic Height Adjustment, Black;Furniture;7;98;689;TG-21640;Trudy Glocke
262;31/3/2011;OFF-BI-10001636;Ibico Plastic and Wire Spiral Binding Combs;Office Supplies;5;10;51;TG-21640;Trudy Glocke
263;31/3/2011;OFF-AR-10004027;Binney & Smith inkTank Erasable Desk Highlighter, Chisel Tip, Yellow, 12/Box;Office Supplies;2;1;2;TG-21640;Trudy Glocke
264;1/4/2011;FUR-CH-10002439;Iceberg Nesting Folding Chair, 19w x 6d x 43h;Furniture;7;65;456;AZ-10750;Annie Zypern
265;1/4/2011;OFF-EN-10002230;Airmail Envelopes;Office Supplies;5;113;567;MP-17470;Mark Packer
266;1/4/2011;TEC-PH-10001819;Innergie mMini Combo Duo USB Travel Charging Kit;Technology;7;88;617;MP-17470;Mark Packer
267;1/4/2011;FUR-CH-10002304;Global Stack Chair without Arms, Black;Furniture;7;9;64;MP-17470;Mark Packer
268;1/4/2011;TEC-PH-10003273;AT&T TR1909W;Technology;3;23;68;DR-12940;Daniel Raglin
269;2/4/2011;FUR-TA-10001889;Bush Advantage Collection Racetrack Conference Table;Furniture;3;153;458;MG-18145;Mike Gockenbach
270;2/4/2011;OFF-EN-10001509;Poly String Tie Envelopes;Office Supplies;3;3;9;CV-12295;Christina VanderZanden
271;2/4/2011;FUR-TA-10003954;Hon 94000 Series Round Tables;Furniture;4;107;426;CV-12295;Christina VanderZanden
272;3/4/2011;OFF-AR-10001915;Peel-Off China Markers;Office Supplies;5;21;104;KM-16720;Kunst Miller
273;3/4/2011;FUR-TA-10000198;Chromcraft Bull-Nose Wood Oval Conference Tables & Bases;Furniture;1;143;143;MP-18175;Mike Pelletier
274;4/4/2011;OFF-BI-10002071;Fellowes Black Plastic Comb Bindings;Office Supplies;7;14;97;DD-13570;Dorothy Dickinson
275;4/4/2011;TEC-AC-10004901;Kensington SlimBlade Notebook Wireless Mouse with Nano Receiver ;Technology;2;14;28;DD-13570;Dorothy Dickinson
276;4/4/2011;OFF-ST-10002957;Sterilite Show Offs Storage Containers;Office Supplies;3;0;0;Dl-13600;Dorris liebe
277;4/4/2011;OFF-LA-10002312;Avery 490;Office Supplies;3;22;67;Dl-13600;Dorris liebe
278;4/4/2011;OFF-BI-10001097;Avery Hole Reinforcements;Office Supplies;1;1;1;KB-16240;Karen Bern
279;4/4/2011;FUR-BO-10001337;O'Sullivan Living Dimensions 2-Shelf Bookcases;Furniture;2;12;24;GA-14725;Guy Armstrong
280;5/4/2011;OFF-BI-10004390;GBC DocuBind 200 Manual Binding Machine;Office Supplies;2;253;505;AA-10315;Alex Avila
281;5/4/2011;OFF-AP-10002765;Fellowes Advanced Computer Series Surge Protectors;Office Supplies;2;15;30;AA-10315;Alex Avila
282;5/4/2011;OFF-BI-10004140;Avery Non-Stick Binders;Office Supplies;2;2;4;MZ-17515;Mary Zewe
283;5/4/2011;OFF-ST-10001511;Space Solutions Commercial Steel Shelving;Office Supplies;2;6;13;NC-18340;Nat Carroll
284;6/4/2011;OFF-LA-10002312;Avery 490;Office Supplies;2;15;30;KM-16720;Kunst Miller
285;6/4/2011;OFF-BI-10000042;"Pressboard Data Binder, Crimson, 12"" X 8 1/2""";Office Supplies;4;6;22;KM-16720;Kunst Miller
286;6/4/2011;OFF-ST-10000636;Rogers Profile Extra Capacity Storage Tub;Office Supplies;4;3;11;KH-16330;Katharine Harms
287;6/4/2011;OFF-BI-10000145;Zipper Ring Binder Pockets;Office Supplies;2;3;6;KH-16330;Katharine Harms
288;6/4/2011;OFF-PA-10002986;Xerox 1898;Office Supplies;5;9;47;SC-20020;Sam Craven
289;6/4/2011;OFF-PA-10001593;Xerox 1947;Office Supplies;7;10;73;SC-20020;Sam Craven
290;7/4/2011;OFF-PA-10004071;Eaton Premium Continuous-Feed Paper, 25% Cotton, Letter Size, White, 1000 Shts/Box;Office Supplies;1;27;27;TH-21550;Tracy Hopkins
291;7/4/2011;OFF-ST-10003455;Tenex File Box, Personal Filing Tote with Lid, Black;Office Supplies;4;4;15;JG-15805;John Grady
292;7/4/2011;OFF-ST-10001031;Adjustable Personal File Tote;Office Supplies;4;4;16;JG-15805;John Grady
293;7/4/2011;OFF-PA-10003441;Xerox 226;Office Supplies;9;28;252;VM-21685;Valerie Mitchum
294;7/4/2011;TEC-PH-10004922;RCA Visys Integrated PBX 8-Line Router;Technology;3;50;151;VM-21685;Valerie Mitchum
295;7/4/2011;OFF-AR-10002952;Stanley Contemporary Battery Pencil Sharpeners;Office Supplies;2;7;15;RD-19900;Ruben Dartt
296;7/4/2011;OFF-BI-10004209;Fellowes Twister Kit, Gray/Clear, 3/pkg;Office Supplies;5;18;90;RD-19900;Ruben Dartt
297;7/4/2011;OFF-AR-10004685;Binney & Smith Crayola Metallic Colored Pencils, 8-Color Set;Office Supplies;3;5;14;RD-19900;Ruben Dartt
298;7/4/2011;OFF-ST-10000991;Space Solutions HD Industrial Steel Shelving.;Office Supplies;6;21;124;RD-19900;Ruben Dartt
299;8/4/2011;OFF-SU-10004498;Martin-Yale Premier Letter Opener;Office Supplies;1;2;2;SD-20485;Shirley Daniels
300;8/4/2011;FUR-TA-10001039;KI Adjustable-Height Table;Furniture;3;36;108;SD-20485;Shirley Daniels
301;8/4/2011;TEC-AC-10004659;"Imation Secure+ Hardware Encrypted USB 2.0 Flash Drive; 16GB";Technology;2;22;44;SD-20485;Shirley Daniels
302;8/4/2011;OFF-ST-10004180;Safco Commercial Shelving;Office Supplies;5;9;47;KB-16585;Ken Black
303;8/4/2011;TEC-AC-10002926;Logitech Wireless Marathon Mouse M705;Technology;2;43;86;KB-16585;Ken Black
304;8/4/2011;OFF-PA-10003797;Xerox 209;Office Supplies;3;9;28;KB-16585;Ken Black
305;8/4/2011;OFF-PA-10002195;Xerox 1966;Office Supplies;2;6;13;KB-16585;Ken Black
306;8/4/2011;OFF-PA-10004248;Xerox 1990;Office Supplies;3;7;21;RD-19585;Rob Dowd
307;8/4/2011;TEC-PH-10001128;Motorola Droid Maxx;Technology;7;294;2058;RD-19585;Rob Dowd
308;8/4/2011;OFF-AP-10003842;Euro-Pro Shark Turbo Vacuum;Office Supplies;5;40;201;RD-19585;Rob Dowd
309;8/4/2011;FUR-FU-10003192;Luxo Adjustable Task Clamp Lamp;Furniture;2;46;92;AH-10690;Anna Häberlin
310;8/4/2011;OFF-EN-10001415;Staples;Office Supplies;2;6;11;KE-16420;Katrina Edelman
311;8/4/2011;TEC-AC-10001284;Enermax Briskie RF Wireless Keyboard and Mouse Combo;Technology;3;22;67;KE-16420;Katrina Edelman
312;8/4/2011;TEC-AC-10000736;Logitech G600 MMO Gaming Mouse;Technology;2;58;115;KE-16420;Katrina Edelman
313;9/4/2011;OFF-LA-10001641;Avery 518;Office Supplies;6;9;54;PK-18910;Paul Knutson
314;9/4/2011;OFF-AR-10004757;Crayola Colored Pencils;Office Supplies;7;8;53;GM-14695;Greg Maxwell
315;9/4/2011;TEC-PH-10001615;AT&T CL82213;Technology;1;8;8;GM-14695;Greg Maxwell
316;9/4/2011;OFF-PA-10003349;Xerox 1957;Office Supplies;2;6;13;GM-14695;Greg Maxwell
317;9/4/2011;OFF-AR-10000127;Newell 321;Office Supplies;7;7;47;GM-14695;Greg Maxwell
318;9/4/2011;OFF-SU-10002881;Martin Yale Chadless Opener Electric Letter Opener;Office Supplies;5;83;416;GM-14695;Greg Maxwell
319;9/4/2011;FUR-FU-10004020;Advantus Panel Wall Acrylic Frame;Furniture;1;2;2;MS-17710;Maurice Satty
320;9/4/2011;OFF-AR-10001955;Newell 319;Office Supplies;4;24;95;MS-17710;Maurice Satty
321;9/4/2011;OFF-BI-10002852;Ibico Standard Transparent Covers;Office Supplies;7;57;396;RP-19855;Roy Phan
322;10/4/2011;OFF-BI-10003719;Large Capacity Hanging Post Binders;Office Supplies;6;36;216;GP-14740;Guy Phonely
323;10/4/2011;FUR-FU-10004415;Stacking Tray, Side-Loading, Legal, Smoke;Furniture;2;3;6;PJ-19015;Pauline Johnson
324;10/4/2011;OFF-AR-10001725;Boston Home & Office Model 2000 Electric Pencil Sharpeners;Office Supplies;3;18;55;FH-14275;Frank Hawley
325;10/4/2011;OFF-BI-10002794;"Avery Trapezoid Ring Binder, 3"" Capacity, Black, 1040 sheets";Office Supplies;2;24;48;FH-14275;Frank Hawley
326;10/4/2011;TEC-AC-10004171;Razer Kraken 7.1 Surround Sound Over Ear USB Gaming Headset;Technology;3;132;396;FH-14275;Frank Hawley
327;12/4/2011;TEC-PH-10003273;AT&T TR1909W;Technology;5;164;819;RS-19765;Roland Schwarz
328;12/4/2011;OFF-PA-10000100;Xerox 1945;Office Supplies;3;60;181;RS-19765;Roland Schwarz
329;12/4/2011;FUR-TA-10000688;Chromcraft Bull-Nose Wood Round Conference Table Top, Wood Base;Furniture;3;111;333;SC-20260;Scott Cohen
330;12/4/2011;TEC-AC-10003441;Kingston Digital DataTraveler 32GB USB 2.0;Technology;2;2;4;SC-20260;Scott Cohen
331;12/4/2011;FUR-TA-10001086;SAFCO PlanMaster Boards, 60w x 37-1/2d, White Melamine;Furniture;8;316;2529;RA-19885;Ruben Ausman
332;12/4/2011;FUR-FU-10000747;Tenex B1-RE Series Chair Mats for Low Pile Carpets;Furniture;2;16;31;AY-10555;Andy Yotov
333;12/4/2011;FUR-FU-10001918;C-Line Cubicle Keepers Polyproplyene Holder With Velcro Backings;Furniture;7;13;90;AY-10555;Andy Yotov
334;12/4/2011;OFF-PA-10003309;Xerox 211;Office Supplies;3;9;28;AY-10555;Andy Yotov
335;12/4/2011;OFF-PA-10001977;Xerox 194;Office Supplies;1;27;27;AY-10555;Andy Yotov
336;12/4/2011;FUR-TA-10003748;Bevis 36 x 72 Conference Tables;Furniture;1;2;2;NM-18445;Nathan Mautz
337;12/4/2011;TEC-AC-10001908;Logitech Wireless Headset h800;Technology;4;140;560;NM-18445;Nathan Mautz
338;12/4/2011;FUR-TA-10004442;Riverside Furniture Stanwyck Manor Table Series;Furniture;1;95;95;JS-15880;John Stevenson
339;13/4/2011;OFF-FA-10001332;"Acco Banker's Clasps, 5 3/4""-Long";Office Supplies;3;2;7;JK-15370;Jay Kimmel
340;13/4/2011;TEC-AC-10002001;Logitech Wireless Gaming Headset G930;Technology;3;82;245;JK-15370;Jay Kimmel
341;13/4/2011;OFF-PA-10000029;Xerox 224;Office Supplies;2;4;7;JK-15370;Jay Kimmel
342;13/4/2011;TEC-AC-10001874;Logitech Wireless Anywhere Mouse MX for PC and Mac;Technology;7;42;294;JK-15370;Jay Kimmel
343;13/4/2011;OFF-FA-10001883;Alliance Super-Size Bands, Assorted Sizes;Office Supplies;8;12;95;PC-19000;Pauline Chand
344;15/4/2011;OFF-FA-10000611;Binder Clips by OIC;Office Supplies;2;1;2;JM-15655;Jim Mitchum
345;15/4/2011;OFF-PA-10004733;Things To Do Today Spiral Book;Office Supplies;3;7;21;JM-15655;Jim Mitchum
346;15/4/2011;OFF-AP-10000240;Belkin F9G930V10-GRY 9 Outlet Surge;Office Supplies;2;31;62;PS-18970;Paul Stevenson
347;15/4/2011;FUR-FU-10004091;"Howard Miller 13"" Diameter Goldtone Round Wall Clock";Furniture;4;77;308;PS-18970;Paul Stevenson
348;16/4/2011;OFF-BI-10004817;GBC Personal VeloBind Strips;Office Supplies;1;3;3;SE-20110;Sanjit Engle
349;16/4/2011;TEC-PH-10001835;Jawbone JAMBOX Wireless Bluetooth Speaker;Technology;6;265;1593;GM-14455;Gary Mitchum
350;17/4/2011;OFF-AR-10000122;Newell 314;Office Supplies;4;1;4;JD-15895;Jonathan Doherty
351;17/4/2011;OFF-BI-10003656;Fellowes PB200 Plastic Comb Binding Machine;Office Supplies;10;408;4080;JD-15895;Jonathan Doherty
352;17/4/2011;OFF-FA-10002780;Staples;Office Supplies;13;10;131;JD-15895;Jonathan Doherty
353;17/4/2011;TEC-PH-10000702;"Square Credit Card Reader, 4 1/2"" x 4 1/2"" x 1"", White";Technology;12;8;101;JD-15895;Jonathan Doherty
354;17/4/2011;TEC-PH-10001557;Pyle PMP37LED;Technology;14;94;1317;KN-16450;Kean Nguyen
355;17/4/2011;TEC-PH-10000576;AT&T 1080 Corded phone;Technology;4;38;153;KN-16450;Kean Nguyen
356;17/4/2011;OFF-BI-10002764;Recycled Pressboard Report Cover with Reinforced Top Hinge;Office Supplies;7;7;46;KN-16450;Kean Nguyen
357;17/4/2011;FUR-BO-10001337;O'Sullivan Living Dimensions 2-Shelf Bookcases;Furniture;3;18;54;KN-16450;Kean Nguyen
358;17/4/2011;OFF-PA-10000289;Xerox 213;Office Supplies;5;16;78;SV-20785;Stewart Visinsky
359;18/4/2011;OFF-LA-10002368;Avery 479;Office Supplies;3;4;11;BF-11170;Ben Ferrer
360;18/4/2011;OFF-ST-10000876;Eldon Simplefile Box Office;Office Supplies;7;24;171;MM-18055;Michelle Moray
361;18/4/2011;TEC-PH-10000586;AT&T SB67148 SynJ;Technology;2;9;18;MM-18055;Michelle Moray
362;18/4/2011;TEC-AC-10003399;Memorex Mini Travel Drive 64 GB USB 2.0 Flash Drive;Technology;6;91;548;MM-18055;Michelle Moray
363;18/4/2011;OFF-AR-10002987;Prismacolor Color Pencil Set;Office Supplies;2;16;33;EH-13765;Edward Hooks
364;20/4/2011;OFF-AR-10003478;Avery Hi-Liter EverBold Pen Style Fluorescent Highlighters, 4/Pack;Office Supplies;6;10;59;SP-20650;Stephanie Phelps
365;21/4/2011;FUR-FU-10004017;"Executive Impressions 13"" Chairman Wall Clock";Furniture;3;27;80;NF-18595;Nicole Fjeld
366;22/4/2011;FUR-TA-10001705;Bush Advantage Collection Round Conference Table;Furniture;5;96;478;SV-20365;Seth Vernon
367;22/4/2011;OFF-ST-10004634;Personal Folder Holder, Ebony;Office Supplies;5;6;28;SV-20365;Seth Vernon
368;22/4/2011;FUR-TA-10004442;Riverside Furniture Stanwyck Manor Table Series;Furniture;2;132;264;SV-20365;Seth Vernon
369;22/4/2011;OFF-AR-10001868;Prang Dustless Chalk Sticks;Office Supplies;2;1;2;KM-16720;Kunst Miller
370;22/4/2011;FUR-CH-10002602;DMI Arturo Collection Mission-style Design Wood Chair;Furniture;3;18;54;KM-16720;Kunst Miller
371;22/4/2011;OFF-EN-10000056;Cameo Buff Policy Envelopes;Office Supplies;3;50;151;KM-16720;Kunst Miller
372;22/4/2011;TEC-AC-10000474;Kensington Expert Mouse Optical USB Trackball for PC or Mac;Technology;3;28;85;KM-16720;Kunst Miller
373;23/4/2011;TEC-MA-10002859;Ativa MDM8000 8-Sheet Micro-Cut Shredder;Technology;4;97;389;JL-15835;John Lee
374;23/4/2011;OFF-AR-10002375;Newell 351;Office Supplies;4;4;15;JL-15835;John Lee
375;23/4/2011;OFF-AR-10000657;Binney & Smith inkTank Desk Highlighter, Chisel Tip, Yellow, 12/Box;Office Supplies;5;4;18;JL-15835;John Lee
376;23/4/2011;OFF-FA-10000134;Advantus Push Pins, Aluminum Head;Office Supplies;2;4;7;JL-15835;John Lee
377;23/4/2011;OFF-BI-10003638;GBC Durable Plastic Covers;Office Supplies;3;27;80;AG-10390;Allen Goldenen
378;23/4/2011;OFF-PA-10001569;Xerox 232;Office Supplies;11;34;376;AG-10390;Allen Goldenen
379;24/4/2011;OFF-BI-10004876;Wilson Jones Suede Grain Vinyl Binders;Office Supplies;3;2;5;TS-21160;Theresa Swint
380;24/4/2011;OFF-EN-10004773;Staples;Office Supplies;8;121;972;AH-10030;Aaron Hawkins
381;24/4/2011;OFF-BI-10004970;"ACCOHIDE 3-Ring Binder, Blue, 1""";Office Supplies;3;3;10;AH-10030;Aaron Hawkins
382;25/4/2011;OFF-BI-10002976;ACCOHIDE Binder by Acco;Office Supplies;5;6;28;AA-10375;Allen Armold
383;25/4/2011;FUR-FU-10000409;GE 4 Foot Flourescent Tube, 40 Watt;Furniture;4;28;110;BP-11230;Benjamin Patterson
384;26/4/2011;OFF-ST-10002574;SAFCO Commercial Wire Shelving, Black;Office Supplies;6;0;0;DB-13555;Dorothy Badders
385;26/4/2011;OFF-PA-10001878;Xerox 1891;Office Supplies;1;23;23;NM-18445;Nathan Mautz
386;27/4/2011;FUR-CH-10002965;Global Leather Highback Executive Chair with Pneumatic Height Adjustment, Black;Furniture;2;12;24;LB-16795;Laurel Beltran
387;27/4/2011;FUR-CH-10002965;Global Leather Highback Executive Chair with Pneumatic Height Adjustment, Black;Furniture;2;12;24;LB-16795;Laurel Beltran
388;27/4/2011;OFF-BI-10000145;Zipper Ring Binder Pockets;Office Supplies;8;5;42;LB-16795;Laurel Beltran
389;27/4/2011;FUR-FU-10002191;G.E. Halogen Desk Lamp Bulbs;Furniture;4;8;31;LB-16795;Laurel Beltran
390;29/4/2011;OFF-PA-10003543;Xerox 1985;Office Supplies;2;4;7;DA-13450;Dianna Arnett
391;29/4/2011;OFF-AR-10002221;12 Colored Short Pencils;Office Supplies;3;1;2;DA-13450;Dianna Arnett
392;29/4/2011;TEC-PH-10004531;AT&T CL2909;Technology;3;38;113;LC-16885;Lena Creighton
393;30/4/2011;FUR-FU-10003708;"Tenex Traditional Chairmats for Medium Pile Carpet, Standard Lip, 36"" x 48""";Furniture;5;64;318;BT-11305;Beth Thompson
394;30/4/2011;OFF-AP-10001391;Kensington 6 Outlet MasterPiece HOMEOFFICE Power Control Center;Office Supplies;3;79;236;BT-11305;Beth Thompson
395;30/4/2011;FUR-CH-10003973;GuestStacker Chair with Chrome Finish Legs;Furniture;5;149;744;BT-11305;Beth Thompson
396;30/4/2011;OFF-AR-10003504;Newell 347;Office Supplies;5;6;31;MH-17290;Marc Harrigan
397;30/4/2011;OFF-LA-10000305;Avery 495;Office Supplies;2;6;12;MH-17290;Marc Harrigan
398;30/4/2011;TEC-PH-10001459;Samsung Galaxy Mega 6.3;Technology;5;126;630;AI-10855;Arianne Irving
399;1/5/2011;FUR-CH-10002304;Global Stack Chair without Arms, Black;Furniture;2;13;26;HG-14845;Harry Greene
400;1/5/2011;OFF-BI-10000136;Avery Non-Stick Heavy Duty View Round Locking Ring Binders;Office Supplies;3;9;26;HG-14845;Harry Greene
401;2/5/2011;TEC-AC-10002550;Maxell 4.7GB DVD-RW 3/Pack;Technology;3;16;49;TM-21010;Tamara Manning
402;2/5/2011;OFF-AP-10003971;Belkin 6 Outlet Metallic Surge Strip;Office Supplies;3;2;6;AR-10510;Andrew Roberts
403;2/5/2011;OFF-AR-10004010;Hunt Boston Vacuum Mount KS Pencil Sharpener;Office Supplies;5;45;227;JM-16195;Justin MacKendrick
404;2/5/2011;OFF-ST-10000585;Economy Rollaway Files;Office Supplies;5;215;1074;JM-16195;Justin MacKendrick
405;3/5/2011;OFF-BI-10001628;"Acco Data Flex Cable Posts For Top & Bottom Load Binders, 6"" Capacity";Office Supplies;2;9;19;MY-18295;Muhammed Yedwab
406;3/5/2011;OFF-ST-10000877;Recycled Steel Personal File for Standard File Folders;Office Supplies;9;129;1164;MY-18295;Muhammed Yedwab
407;3/5/2011;OFF-AR-10004752;Blackstonian Pencils;Office Supplies;2;1;3;MY-18295;Muhammed Yedwab
408;3/5/2011;OFF-LA-10000452;Avery 488;Office Supplies;1;2;2;MY-18295;Muhammed Yedwab
409;3/5/2011;FUR-CH-10004886;Bevis Steel Folding Chairs;Furniture;3;23;69;AG-10300;Aleksandra Gannaway
410;3/5/2011;OFF-BI-10001525;"Acco Pressboard Covers with Storage Hooks, 14 7/8"" x 11"", Executive Red";Office Supplies;6;6;34;AG-10300;Aleksandra Gannaway
411;3/5/2011;OFF-LA-10001613;Avery File Folder Labels;Office Supplies;3;3;8;GB-14530;George Bell
412;3/5/2011;OFF-ST-10002214;X-Rack File for Hanging Folders;Office Supplies;3;2;6;GB-14530;George Bell
413;3/5/2011;OFF-ST-10001128;Carina Mini System Audio Rack, Model AR050B;Office Supplies;2;38;75;GB-14530;George Bell
414;3/5/2011;FUR-CH-10001394;Global Leather Executive Chair;Furniture;2;70;140;LA-16780;Laura Armstrong
415;3/5/2011;OFF-ST-10000798;2300 Heavy-Duty Transfer File Systems by Perma;Office Supplies;5;1;6;LA-16780;Laura Armstrong
416;3/5/2011;TEC-AC-10000736;Logitech G600 MMO Gaming Mouse;Technology;2;58;115;DS-13180;David Smith
417;4/5/2011;FUR-FU-10001424;Dax Clear Box Frame;Furniture;2;6;12;LL-16840;Lauren Leatherbury
418;4/5/2011;FUR-FU-10001473;DAX Wood Document Frame;Furniture;2;10;20;AA-10480;Andrew Allen
419;4/5/2011;TEC-CO-10004202;Brother DCP1000 Digital 3 in 1 Multifunction Machine;Technology;2;90;180;CS-11860;Cari Schnelling
420;4/5/2011;TEC-PH-10000376;Square Credit Card Reader;Technology;2;5;10;KH-16360;Katherine Hughes
421;5/5/2011;OFF-LA-10002195;Avery 481;Office Supplies;7;10;72;JS-15940;Joni Sundaresam
422;5/5/2011;OFF-AR-10001725;Boston Home & Office Model 2000 Electric Pencil Sharpeners;Office Supplies;2;3;6;NC-18340;Nat Carroll
423;5/5/2011;OFF-FA-10000840;OIC Thumb-Tacks;Office Supplies;6;2;11;NC-18340;Nat Carroll
424;7/5/2011;FUR-FU-10001852;Eldon Regeneration Recycled Desk Accessories, Smoke;Furniture;7;4;27;BS-11365;Bill Shonely
425;7/5/2011;OFF-AP-10000696;Holmes Odor Grabber;Office Supplies;4;19;76;BS-11365;Bill Shonely
426;7/5/2011;OFF-BI-10004364;Storex Dura Pro Binders;Office Supplies;2;5;11;GD-14590;Giulietta Dortch
427;7/5/2011;OFF-PA-10000474;Staples;Office Supplies;1;17;17;GD-14590;Giulietta Dortch
428;8/5/2011;OFF-BI-10001294;Fellowes Binding Cases;Office Supplies;4;21;84;PM-18940;Paul MacIntyre
429;8/5/2011;FUR-CH-10001146;Global Value Mid-Back Manager's Chair, Gray;Furniture;3;9;27;EB-13870;Emily Burns
430;9/5/2011;OFF-ST-10000107;Fellowes Super Stor/Drawer;Office Supplies;3;15;45;SB-20290;Sean Braxton
431;9/5/2011;OFF-LA-10001641;Avery 518;Office Supplies;3;5;14;SB-20290;Sean Braxton
432;9/5/2011;OFF-LA-10003121;Avery 506;Office Supplies;5;9;47;SB-20290;Sean Braxton
433;9/5/2011;OFF-PA-10002689;Weyerhaeuser First Choice Laser/Copy Paper (20Lb. and 88 Bright);Office Supplies;7;22;152;SB-20290;Sean Braxton
434;9/5/2011;OFF-PA-10003016;"Adams ""While You Were Out"" Message Pads";Office Supplies;3;4;13;PF-19120;Peter Fuller
435;9/5/2011;OFF-AR-10003651;Newell 350;Office Supplies;2;2;4;PF-19120;Peter Fuller
436;9/5/2011;OFF-PA-10001363;Xerox 1933;Office Supplies;2;12;23;PF-19120;Peter Fuller
437;10/5/2011;OFF-BI-10003684;Wilson Jones Legal Size Ring Binders;Office Supplies;8;53;422;HP-14815;Harold Pawlan
438;10/5/2011;OFF-BI-10004828;GBC Poly Designer Binding Covers;Office Supplies;3;15;44;NC-18415;Nathan Cano
439;10/5/2011;OFF-BI-10003981;"Avery Durable Plastic 1"" Binders";Office Supplies;3;4;12;NC-18415;Nathan Cano
440;10/5/2011;OFF-ST-10003442;Eldon Portable Mobile Manager;Office Supplies;2;4;8;KH-16330;Katharine Harms
441;10/5/2011;TEC-CO-10001449;Hewlett Packard LaserJet 3310 Copier;Technology;5;240;1200;KT-16480;Kean Thornton
442;11/5/2011;OFF-LA-10004425;Staples;Office Supplies;2;3;5;SN-20710;Steve Nguyen
443;11/5/2011;OFF-AR-10001897;Model L Table or Wall-Mount Pencil Sharpener;Office Supplies;6;30;181;SN-20710;Steve Nguyen
444;12/5/2011;OFF-BI-10001078;"Acco PRESSTEX Data Binder with Storage Hooks, Dark Blue, 14 7/8"" X 11""";Office Supplies;3;8;24;CT-11995;Carol Triggs
445;12/5/2011;FUR-TA-10003469;Balt Split Level Computer Training Table;Furniture;2;39;78;CT-11995;Carol Triggs
446;12/5/2011;OFF-AR-10002578;Newell 335;Office Supplies;3;3;8;CT-11995;Carol Triggs
447;12/5/2011;FUR-CH-10004675;Lifetime Advantage Folding Chairs, 4/Carton;Furniture;4;244;977;CT-11995;Carol Triggs
448;14/5/2011;FUR-BO-10004467;Bestar Classic Bookcase;Furniture;7;217;1519;AF-10885;Art Foster
449;14/5/2011;OFF-AR-10000716;DIXON Ticonderoga Erasable Checking Pencils;Office Supplies;5;5;27;AF-10885;Art Foster
450;15/5/2011;OFF-ST-10000107;Fellowes Super Stor/Drawer;Office Supplies;2;10;20;AG-10270;Alejandro Grove
451;15/5/2011;TEC-AC-10003441;Kingston Digital DataTraveler 32GB USB 2.0;Technology;4;4;16;PG-18820;Patrick Gardner
452;15/5/2011;TEC-AC-10000109;Sony Micro Vault Click 16 GB USB 2.0 Flash Drive;Technology;3;40;121;PG-18820;Patrick Gardner
453;15/5/2011;FUR-FU-10000010;DAX Value U-Channel Document Frames, Easel Back;Furniture;7;11;75;HL-15040;Hunter Lopez
454;15/5/2011;OFF-FA-10002815;Staples;Office Supplies;2;2;5;EH-14005;Erica Hernandez
455;15/5/2011;OFF-BI-10004519;GBC DocuBind P100 Manual Binding Machine;Office Supplies;8;332;2656;EH-14005;Erica Hernandez
456;15/5/2011;OFF-EN-10001434;Strathmore #10 Envelopes, Ultimate White;Office Supplies;3;77;232;AI-10855;Arianne Irving
457;15/5/2011;TEC-PH-10003988;LF Elite 3D Dazzle Designer Hard Case Cover, Lf Stylus Pen and Wiper For Apple Iphone 5c Mini Lite;Technology;5;4;22;AI-10855;Arianne Irving
458;15/5/2011;OFF-PA-10004353;Southworth 25% Cotton Premium Laser Paper and Envelopes;Office Supplies;2;19;38;GM-14680;Greg Matthias
459;15/5/2011;TEC-PH-10001817;Wilson Electronics DB Pro Signal Booster;Technology;5;125;627;GM-14680;Greg Matthias
460;15/5/2011;OFF-SU-10004737;Acme Design Stainless Steel Bent Scissors;Office Supplies;6;11;66;GM-14680;Greg Matthias
461;15/5/2011;FUR-CH-10002320;Hon Pagoda Stacking Chairs;Furniture;1;32;32;GM-14680;Greg Matthias
462;15/5/2011;OFF-PA-10003036;"Black Print Carbonless 8 1/2"" x 8 1/4"" Rapid Memo Book";Office Supplies;3;6;17;HD-14785;Harold Dahlen
463;15/5/2011;OFF-BI-10002026;Avery Arch Ring Binders;Office Supplies;9;173;1553;HD-14785;Harold Dahlen
464;16/5/2011;TEC-AC-10001465;SanDisk Cruzer 64 GB USB Flash Drive;Technology;2;7;15;PG-18895;Paul Gonzalez
465;16/5/2011;TEC-PH-10002597;Xblue XB-1670-86 X16 Small Office Telephone - Titanium;Technology;1;6;6;PG-18895;Paul Gonzalez
466;16/5/2011;FUR-FU-10000723;Deflect-o EconoMat Studded, No Bevel Mat for Low Pile Carpeting;Furniture;4;84;337;PG-18895;Paul Gonzalez
467;16/5/2011;FUR-CH-10000015;Hon Multipurpose Stacking Arm Chairs;Furniture;8;69;554;VW-21775;Victoria Wilson
468;17/5/2011;TEC-AC-10001013;Logitech ClearChat Comfort/USB Headset H390;Technology;2;8;15;RM-19375;Raymond Messe
469;17/5/2011;FUR-TA-10002228;Bevis Traditional Conference Table Top, Plinth Base;Furniture;3;130;390;KT-16480;Kean Thornton
470;17/5/2011;TEC-AC-10002800;Plantronics Audio 478 Stereo USB Headset;Technology;3;52;157;NP-18325;Naresj Patel
471;18/5/2011;OFF-AP-10004249;Staples;Office Supplies;3;10;29;BG-11695;Brooke Gillingham
472;19/5/2011;FUR-CH-10002439;Iceberg Nesting Folding Chair, 19w x 6d x 43h;Furniture;6;21;126;AH-10030;Aaron Hawkins
473;19/5/2011;OFF-PA-10003063;EcoTones Memo Sheets;Office Supplies;2;4;8;AH-10030;Aaron Hawkins
474;20/5/2011;FUR-FU-10004306;Electrix Halogen Magnifier Lamp;Furniture;2;23;47;AJ-10795;Anthony Johnson
475;20/5/2011;FUR-FU-10000308;Deflect-o Glass Clear Studded Chair Mats;Furniture;3;4;11;TT-21070;Ted Trevino
476;20/5/2011;OFF-PA-10001526;Xerox 1949;Office Supplies;4;6;23;TT-21070;Ted Trevino
477;20/5/2011;TEC-AC-10002217;Imation Clip USB flash drive - 8 GB;Technology;3;3;10;CC-12475;Cindy Chapman
478;21/5/2011;OFF-BI-10000666;Surelock Post Binders;Office Supplies;3;46;138;PA-19060;Pete Armstrong
479;22/5/2011;OFF-AP-10000124;Acco 6 Outlet Guardian Basic Surge Suppressor;Office Supplies;4;9;37;RF-19345;Randy Ferguson
480;22/5/2011;OFF-AR-10004511;Sanford Colorific Scented Colored Pencils, 12/Pack;Office Supplies;9;12;107;RF-19345;Randy Ferguson
481;22/5/2011;FUR-FU-10000076;24-Hour Round Wall Clock;Furniture;7;60;421;RF-19345;Randy Ferguson
482;22/5/2011;FUR-FU-10003489;Contemporary Borderless Frame;Furniture;3;6;18;MC-17590;Matt Collister
483;22/5/2011;OFF-PA-10000289;Xerox 213;Office Supplies;2;4;7;MC-17590;Matt Collister
484;22/5/2011;TEC-AC-10004227;SanDisk Ultra 16 GB MicroSDHC Class 10 Memory Card;Technology;2;4;7;MC-17590;Matt Collister
485;22/5/2011;OFF-ST-10000636;Rogers Profile Extra Capacity Storage Tub;Office Supplies;5;13;67;MC-17590;Matt Collister
486;22/5/2011;OFF-SU-10004737;Acme Design Stainless Steel Bent Scissors;Office Supplies;5;9;46;TD-20995;Tamara Dahlen
487;22/5/2011;OFF-PA-10001526;Xerox 1949;Office Supplies;1;1;1;GA-14515;George Ashbrook
488;23/5/2011;OFF-BI-10001249;Avery Heavy-Duty EZD View Binder with Locking Rings;Office Supplies;9;26;238;JH-15820;John Huston
489;23/5/2011;FUR-CH-10002439;Iceberg Nesting Folding Chair, 19w x 6d x 43h;Furniture;5;17;87;PW-19030;Pauline Webber
490;23/5/2011;OFF-EN-10003134;Staples;Office Supplies;6;21;126;KH-16360;Katherine Hughes
491;23/5/2011;FUR-CH-10003396;Global Deluxe Steno Chair;Furniture;2;29;59;KH-16360;Katherine Hughes
492;23/5/2011;OFF-PA-10001560;Adams Telephone Message Books, 5 1/4 x 11;Office Supplies;1;2;2;KH-16360;Katherine Hughes
493;23/5/2011;OFF-BI-10000977;Ibico Plastic Spiral Binding Combs;Office Supplies;3;31;93;KH-16360;Katherine Hughes
494;24/5/2011;TEC-PH-10002885;Apple iPhone 5;Technology;2;169;338;BS-11755;Bruce Stewart
495;25/5/2011;OFF-BI-10003925;Fellowes PB300 Plastic Comb Binding Machine;Office Supplies;7;1276;8935;MW-18235;Mitch Willingham
496;25/5/2011;TEC-PH-10001530;Plantronics Voyager Pro Legend;Technology;3;173;519;MW-18235;Mitch Willingham
497;25/5/2011;OFF-AR-10003514;4009 Highlighters by Sanford;Office Supplies;8;11;84;BT-11530;Bradley Talbott
498;26/5/2011;OFF-BI-10001071;GBC ProClick Punch Binding System;Office Supplies;7;219;1536;FG-14260;Frank Gastineau
499;26/5/2011;OFF-PA-10003022;Xerox 1992;Office Supplies;3;9;26;FG-14260;Frank Gastineau
500;26/5/2011;OFF-AP-10001293;Belkin 8 Outlet Surge Protector;Office Supplies;6;69;413;FG-14260;Frank Gastineau
